tx_lat,tx_lon,rx_lat,rx_lon,frequency_Hz,pathloss_dB,pl_los_index,propagation_delay_s,propagation_distance_m,rays_count
34.06945,-118.4425,34.0677,-118.44225,6000000000,93.8342119744802,1,6.52152981799941e-07,195.510545405834,206
34.06945,-118.4424,34.0677,-118.44225,6000000000,93.7954203340799,1,6.49246926378532e-07,194.639331907965,210
34.06944,-118.4425,34.0677,-118.44225,6000000000,93.7851308621646,1,6.48478271354649e-07,194.408894929001,207
34.06944,-118.4424,34.0677,-118.44225,6000000000,93.745895590961,1,6.45555618270678e-07,193.532705577076,219
34.06943,-118.4425,34.0677,-118.44225,6000000000,93.7357748445078,1,6.44803858798278e-07,193.307333757021,217
34.06943,-118.4424,34.0677,-118.44225,6000000000,93.6960883165424,1,6.41864418518554e-07,192.426111730418,216
